1,Sergiy,vegas1@rambler.ru,https://drive.google.com/open?id=106er3IlND_TCiG-y3CmHsCTFGmYnr0EJ,1,,3,2,,2019-07-09 12:38:06,2019-07-09 12:41:16
2,Dasha,dasha@fuka.du,https://ru.scribd.com/document/382396026/%D0%9E%D0%BF%D0%B8%D1%81%D0%B0%D0%BD%D0%B8%D0%B5-%D0%9F%D1%80%D0%BE%D0%B5%D0%BA%D1%82%D0%B0-%D0%AD%D0%9D%D0%95%D0%91%D0%A0%D0%90,1,,4,1,1,2019-07-09 12:45:35,2019-07-11 11:28:32
3,dasha,dasha@fuka.du,https://www.google.com/search?client=firefox-b-d&q=incoming+connection+from+xdebug,0,,3,2,,2019-07-09 13:01:29,2019-07-09 13:01:55
4,dddddd,ddddd@ggg.ggg,https://www.google.com/search?client=firefox-b-d&q=migration+laravel,1,,3,1,,2019-07-09 13:02:43,2019-07-09 13:03:20
5,Fediy,fediya@grud.ur,https://translate.google.com/#view=home&op=translate&sl=ru&tl=uk&text=%D0%9E%D1%82%D0%BC%D0%B5%D0%BD%D0%B5%D0%BD%D0%BD%D1%8B%D0%B9,0,T9wb6oFA4pWJsav2GRK3tsNhZR2W2Q2cvUsfqGDuAfQE5DavCPPuNCFODQ7hMHHhyjwjRDepK6K9xASIgY6wXUoVlsfExYVAWVRP,2,2,,2019-07-09 14:27:16,2019-07-09 14:27:16
6,Fediy,fediya@grud.ur,https://translate.google.com/#view=home&op=translate&sl=ru&tl=uk&text=%D0%9E%D1%82%D0%BC%D0%B5%D0%BD%D0%B5%D0%BD%D0%BD%D1%8B%D0%B9,0,8dKePtDcLKyjiujAG93doPmTb2ZOjk3HYESTVNDNd9RmqpQJDf1ZHE6fhDsol61VvWTTtCWBLcMbGmwhLEsdXcDpZuFwfe4vUDr0,2,2,,2019-07-09 14:27:40,2019-07-09 14:27:40
7,Fediy,fediya@grud.ur,https://translate.google.com/#view=home&op=translate&sl=ru&tl=uk&text=%D0%9E%D1%82%D0%BC%D0%B5%D0%BD%D0%B5%D0%BD%D0%BD%D1%8B%D0%B9,0,z4sW6hwqQfCdRugn1oOq0EV9HAKBNeKWQJFV88RAxhkToFAQVEJ7EEH0S8shIuI63DVH9KzsLNNQKFaihnL8r3UEuAwYRqHRyP6u,2,2,,2019-07-09 14:28:40,2019-07-09 14:28:40
8,Sergiy,rew@rew.rew,https://translate.google.com/#view=home&op=translate&sl=ru&tl=uk&text='your_make_modeling_order'%20%3D%3E%20'%D0%95%D1%81%D0%BB%D0%B8%20%D0%92%D1%8B%20%D0%BE%D1%84%D0%BE%D1%80%D0%BC%D0%B8%D0%BB%D0%B8%20%D0%B7%D0%B0%D0%BA%D0%B0%D0%B7%20%D0%BD%D0%B0%20%D1%80%D0%B0%D0%B7%D1%80%D0%B0%D0%B1%D0%BE%D1%82%D0%BA%D1%83%203D%20%D0%BC%D0%BE%D0%B4%D0%B5%D0%BB%D0%B8'%2C%0A%20%20%20%20'click_to_link_modeling_order'%20%3D%3E%20'%D0%9F%D0%BE%D0%B6%D0%B0%D0%BB%D1%83%D0%B9%D1%81%D1%82%D0%B0%20%D0%BA%D0%BB%D0%B8%D0%BA%D0%BD%D0%B8%D1%82%D0%B5%20%D0%BF%D0%BE%20%D0%BA%D0%BD%D0%BE%D0%BF%D0%BA%D0%B8%20%D0%B4%D0%BB%D1%8F%20%D0%BF%D0%BE%D0%B4%D1%82%D0%B2%D0%B5%D1%80%D0%B6%D0%B4%D0%B5%D0%BD%D0%B8%D1%8F%20%D0%B7%D0%B0%D0%BA%D0%B0%D0%B7%D0%B0'%2C%0A%20%20%20%20'verify_modeling_order'%20%20%20%20%3D%3E%20'%D0%9F%D0%BE%D0%B4%D1%82%D0%B2%D0%B5%D1%80%D0%B4%D0%B8%D1%82%D1%8C%20%D0%97%D0%B0%D0%BA%D0%B0%D0%B7'%2C%0A%20%20%20%20'3dmriya'%20%20%20%20%20%20%20%20%20%20%20%20%20%20%20%20%20%20%3D%3E%20'3D%20Mriya'%2C%0A%20%20%20%20'reset_password_not'%20%20%20%20%20%20%20%3D%3E%20'%D0%A3%D0%B2%D0%B5%D0%B4%D0%BE%D0%BC%D0%BB%D0%B5%D0%BD%D0%B8%D0%B5%20%D0%BE%20%D1%81%D0%B1%D1%80%D0%BE%D1%81%D0%B5%20%D0%BF%D0%B0%D1%80%D0%BE%D0%BB%D1%8F'%2C%0A%20%20%20%20'reset_password_not_desc'%20%20%3D%3E%20'%20%D0%92%D1%8B%20%D0%BF%D0%BE%D0%BB%D1%83%D1%87%D0%B8%D0%BB%D0%B8%20%D1%8D%D1%82%D0%BE%20%D0%BF%D0%B8%D1%81%D1%8C%D0%BC%D0%BE%2C%20%D0%BF%D0%BE%D1%82%D0%BE%D0%BC%D1%83%20%D1%87%D1%82%D0%BE%20%D0%BC%D1%8B%20%D0%BF%D0%BE%D0%BB%D1%83%D1%87%D0%B8%D0%BB%D0%B8%20%D0%B7%D0%B0%D0%BF%D1%80%D0%BE%D1%81%20%D0%BD%D0%B0%20%D1%81%D0%B1%D1%80%D0%BE%D1%81%20%D0%BF%D0%B0%D1%80%D0%BE%D0%BB%D1%8F%20%D0%B4%D0%BB%D1%8F%20%D0%B2%D0%B0%D1%88%D0%B5%D0%B9%20%D1%83%D1%87%D0%B5%D1%82%D0%BD%D0%BE%D0%B9%20%D0%B7%D0%B0%D0%BF%D0%B8%D1%81%D0%B8.'%2C%0A%20%20%20%20'reset_password'%20%20%20%20%20%20%20%20%20%20%20%3D%3E%20'%D0%A1%D0%B1%D1%80%D0%BE%D1%81%D0%B8%D1%82%D1%8C%20%D0%9F%D0%B0%D1%80%D0%BE%D0%BB%D1%8C'%2C%0A%20%20%20%20'thank_for_using'%20%20%20%20%20%20%20%20%20%20%3D%3E%20'%D0%A1%D0%BF%D0%B0%D1%81%D0%B8%D0%B1%D0%BE%20%D0%B7%D0%B0%20%D0%B8%D1%81%D0%BF%D0%BE%D0%BB%D1%8C%D0%B7%D0%BE%D0%B2%D0%B0%D0%BD%D0%B8%D0%B5%20%D0%BD%D0%B0%D1%88%D0%B5%D0%B3%D0%BE%20%D1%81%D0%B0%D0%B9%D1%82%D0%B0!'%2C%0A%20%20%20%20'password_reset_expire'%20%20%20%20%3D%3E%20'%D0%A1%D1%80%D0%BE%D0%BA%20%D0%B4%D0%B5%D0%B9%D1%81%D1%82%D0%B2%D0%B8%D1%8F%20%D1%81%D1%81%D1%8B%D0%BB%D0%BA%D0%B8%20%D0%B4%D0%BB%D1%8F%20%D1%81%D0%B1%D1%80%D0%BE%D1%81%D0%B0%20%D0%BF%D0%B0%D1%80%D0%BE%D0%BB%D1%8F%20%D0%B8%D1%81%D1%82%D0%B5%D0%BA%D0%B0%D0%B5%D1%82%20%D1%87%D0%B5%D1%80%D0%B5%D0%B7%20'%2C%0A%20%20%20%20'minutes'%20%20%20%20%20%20%20%20%20%20%20%20%20%20%20%20%20%20%3D%3E%20'%20%D0%BC%D0%B8%D0%BD%D1%83%D1%82'%2C%0A%20%20%20%20'did_not_request'%20%20%20%20%20%20%20%20%20%20%3D%3E%20'%20%D0%95%D1%81%D0%BB%D0%B8%20%D0%B2%D1%8B%20%D0%BD%D0%B5%20%D0%B7%D0%B0%D0%BF%D1%80%D0%B0%D1%88%D0%B8%D0%B2%D0%B0%D0%BB%D0%B8%20%D1%81%D0%B1%D1%80%D0%BE%D1%81%20%D0%BF%D0%B0%D1%80%D0%BE%D0%BB%D1%8F%2C%20%D0%BD%D0%B8%D0%BA%D0%B0%D0%BA%D0%B8%D1%85%20%D0%B4%D0%B0%D0%BB%D1%8C%D0%BD%D0%B5%D0%B9%D1%88%D0%B8%D1%85%20%D0%B4%D0%B5%D0%B9%D1%81%D1%82%D0%B2%D0%B8%D0%B9%20%D0%BD%D0%B5%20%D1%82%D1%80%D0%B5%D0%B1%D1%83%D0%B5%D1%82%D1%81%D1%8F.'%2C%0A%20%20%20%20'hello'%20%20%20%20%20%20%20%20%20%20%20%20%20%20%20%20%20%20%20%20%3D%3E%20'%D0%97%D0%B4%D1%80%D0%B0%D0%B2%D1%81%D1%82%D0%B2%D1%83%D0%B9%D1%82%D0%B5!'%2C%0A%20%20%20%20'whoops'%20%20%20%20%20%20%20%20%20%20%20%20%20%20%20%20%20%20%20%3D%3E%20'%D0%A3%D0%BF%D1%81!'%2C%0A%20%20%20%20'regards'%20%20%20%20%20%20%20%20%20%20%20%20%20%20%20%20%20%20%3D%3E%20'%D0%A1%20%D1%83%D0%B2%D0%B0%D0%B6%D0%B5%D0%BD%D0%B8%D0%B5%D0%BC'%2C%0A%20%20%20%20'trouble_clicking'%20%20%20%20%20%20%20%20%20%3D%3E%20'%D0%95%D1%81%D0%BB%D0%B8%20%D1%83%20%D0%B2%D0%B0%D1%81%20%D0%B2%D0%BE%D0%B7%D0%BD%D0%B8%D0%BA%D0%BB%D0%B8%20%D0%BF%D1%80%D0%BE%D0%B1%D0%BB%D0%B5%D0%BC%D1%8B%20%D1%81%20%D0%BD%D0%B0%D0%B6%D0%B0%D1%82%D0%B8%D0%B5%D0%BC%20%D0%BA%D0%BD%D0%BE%D0%BF%D0%BA%D0%B8%20'%2C%0A%20%20%20%20'copy_and_paste'%20%20%20%20%20%20%20%20%20%20%20%3D%3E%20'%20%D1%81%D0%BA%D0%BE%D0%BF%D0%B8%D1%80%D1%83%D0%B9%D1%82%D0%B5%20%D0%B8%20%D0%B2%D1%81%D1%82%D0%B0%D0%B2%D1%8C%D1%82%D0%B5%20URL%20%D0%BD%D0%B8%D0%B6%D0%B5'%2C%0A%20%20%20%20'into_browser'%20%20%20%20%20%20%20%20%20%20%20%20%20%3D%3E%20'%D0%B2%20%D0%B2%D0%B0%D1%88%20%D0%B2%D0%B5%D0%B1-%D0%B1%D1%80%D0%B0%D1%83%D0%B7%D0%B5%D1%80%3A'%2C,1,a9TCdAOBnCtdI1O3Yw7puV9rTz7FwDqfH3kNXKeaAAzowN29MlEGWc3wsZWKE3SHQSQz2TbqlqD1KlS5nUBKARmAELgUNZ1Xk78X,2,2,,2019-07-09 18:03:38,2019-07-09 18:03:38
9,DDDD,ddd@dd.dd,https://translate.google.com/#view=home&op=translate&sl=ru&tl=es&text=%D0%95%D1%81%D0%BB%D0%B8%20%D0%B2%D1%8B%20%D0%BD%D0%B5%20%D0%BE%D1%84%D0%BE%D1%80%D0%BC%D0%BB%D1%8F%D0%BB%D0%B8%20%D0%B7%D0%B0%D0%BA%D0%B0%D0%B7%2C%20%D0%BD%D0%B8%D0%BA%D0%B0%D0%BA%D0%B8%D1%85%20%D0%B4%D0%B0%D0%BB%D1%8C%D0%BD%D0%B5%D0%B9%D1%88%D0%B8%D1%85%20%D0%B4%D0%B5%D0%B9%D1%81%D1%82%D0%B2%D0%B8%D0%B9%20%D0%BD%D0%B5%20%D1%82%D1%80%D0%B5%D0%B1%D1%83%D0%B5%D1%82%D1%81%D1%8F.,1,EBlxfREL9Rwy9z76UcEvx30V13R2pzfLjPjJsdeeHApFtTWtOz1FQv5IeuDOLqJzNQ4ZVNUag2SA7824a9nHzK158BrmJi2DyoCR,2,2,,2019-07-09 18:27:14,2019-07-09 18:27:14
10,EEEE,ddd@ff.gg,https://translate.google.com/#view=home&op=translate&sl=ru&tl=es&text=%D0%95%D1%81%D0%BB%D0%B8%20%D0%B2%D1%8B%20%D0%BD%D0%B5%20%D0%BE%D1%84%D0%BE%D1%80%D0%BC%D0%BB%D1%8F%D0%BB%D0%B8%20%D0%B7%D0%B0%D0%BA%D0%B0%D0%B7%2C%20%D0%BD%D0%B8%D0%BA%D0%B0%D0%BA%D0%B8%D1%85%20%D0%B4%D0%B0%D0%BB%D1%8C%D0%BD%D0%B5%D0%B9%D1%88%D0%B8%D1%85%20%D0%B4%D0%B5%D0%B9%D1%81%D1%82%D0%B2%D0%B8%D0%B9%20%D0%BD%D0%B5%20%D1%82%D1%80%D0%B5%D0%B1%D1%83%D0%B5%D1%82%D1%81%D1%8F.,1,,3,4,,2019-07-09 18:32:25,2019-07-09 18:38:44
11,eee,eee@fff.ggg,https://translate.google.com/#view=home&op=translate&sl=en&tl=de&text=thanks,1,IEja5JfPlyghD80eIUXeeSbgkDosToZurlxdAeVHic8Y0b3GC609hwCdPQnZs5m4vQ6KPq6DYL6MKM0jwHn31HifFrhjJy86KFRP,2,2,,2019-07-09 18:39:25,2019-07-09 18:39:25
12,rrrr,rrr@rrr.jjj,https://translate.google.com/#view=home&op=translate&sl=en&tl=de&text=thanks,0,,3,5,,2019-07-09 18:41:50,2019-07-09 18:42:29
14,Vasiliy,example@gmail.com,https://www.w3schools.com/icons/fontawesome_icons_webapp.asp,1,,9,2,4,2019-07-10 19:21:31,2019-07-11 11:24:47
15,Lida,example@gmail.com,https://vuetifyjs.com/en/framework/colors,1,,6,4,3,2019-07-10 19:23:20,2019-07-10 19:23:20
16,Борисполе,example@gmail.com,https://www.youtube.com/watch?v=4-f7HBFt7kU,1,,8,7,1,2019-07-11 10:01:26,2019-07-11 10:01:26
17,Victoriya,viktoriya@rambler.ru,https://enebra.org/,1,,4,2,2,2019-07-11 11:52:44,2019-07-11 12:01:02
18,dddddd,ddd@ddd.kkk,https://www.google.ru/,1,,3,5,,2019-07-11 12:07:17,2019-07-11 12:08:09
19,EEEE,fff@ggg.lll,http://localhost:3000/ru,1,,3,2,,2019-07-11 12:27:12,2019-07-11 12:27:21
20,gggg,ggg@ggg.hh,http://127.0.0.1:3000/ru,1,,3,2,,2019-07-11 18:32:24,2019-07-11 18:32:34
21,sss,sss@sss.jjj,http://127.0.0.1:3000/ru,1,rxmFZtfmgfc8S7WJN289MmlLKNOsjlfLpg3EkjBtsEnsE64rZc59OzT3yALIA0VgkR7TgjUpSm8djASARDNUHvQIe8qNh5Q34UT4,2,2,,2019-07-11 18:35:51,2019-07-11 18:35:51
22,ddd,ddd@www.ll,http://127.0.0.1:3000/ru,1,,3,2,,2019-07-11 18:41:46,2019-07-11 18:41:58
23,yyyy,yyyy@yyy.yyy,http://127.0.0.1:3000/ru,1,,3,2,,2019-07-11 19:26:45,2019-07-11 19:26:58
24,sss,ssss@fff.kk,http://127.0.0.1:3000/ru,1,,3,2,,2019-07-11 20:22:11,2019-07-11 20:22:21
25,rrrr,rrrr@eee.ff,http://127.0.0.1:3000/ru,0,,3,2,,2019-07-11 20:35:29,2019-07-11 20:36:54
26,hhhh,hhhh@fff.ll,http://127.0.0.1:3000/ru,1,,3,2,,2019-07-11 20:52:13,2019-07-11 20:52:27
27,dddd,dddd@vvv.kkk,http://127.0.0.1:3000/ru,1,,3,2,,2019-07-11 20:59:26,2019-07-11 20:59:35
28,ddd,ddd@ddd.lll,http://127.0.0.1:3000/ru,1,,3,2,,2019-07-11 21:38:48,2019-07-11 21:39:01
29,ssss,ssss@ddd.ggg,https://mailtrap.io/inboxes/435865/messages/1325791290,1,1ex0OJMXwE2bcCsJR5CzTOSkO4b5ID0JqeZIViwe0KOt3IDr7cuHrGCvr3Hu1UVqScy4mqYxiggsgzAhLB5TZNSNJQbQwWeRvwnO,2,2,,2019-07-11 21:42:09,2019-07-11 21:42:09
30,fffff,fff@dddd.jjj,http://127.0.0.1:3000/ru,1,,3,2,,2019-07-11 21:45:01,2019-07-11 21:45:08
31,ffff,fff@ggg.lll,http://127.0.0.1:3000/ru,1,,3,2,,2019-07-11 21:46:51,2019-07-11 21:47:23
32,sssss,ssss@eee.ff,http://127.0.0.1:3000/ru,1,,3,2,,2019-07-11 22:05:13,2019-07-11 22:05:23
33,Sergiy,vegas1@rambler.ru,https://habr.com/ru/post/421551/,1,,3,2,,2019-07-13 11:56:26,2019-07-13 11:57:12
34,yyyy,yyyy@fff.kkk,https://mailtrap.io/inboxes/435865/messages/1326708706,1,,3,2,,2019-07-13 12:52:56,2019-07-13 12:55:48
35,dddd,dddd@eee.jjj,http://127.0.0.1:3000/ru,0,,3,2,,2019-07-13 12:59:18,2019-07-13 13:02:36
36,gggg,sss@ddd.kk,http://127.0.0.1:3000/ru,0,,3,2,,2019-07-13 14:25:05,2019-07-13 14:25:39
37,jjjjj,jjjjj@ggg.hh,http://127.0.0.1:3000/ru,1,,3,2,,2019-07-13 15:02:25,2019-07-13 15:02:39
38,eeee,eeee@fff.jj,http://127.0.0.1:3000/ru,1,,3,2,,2019-07-13 15:45:48,2019-07-13 15:46:02
39,ssss,ssss@dddd.sss,http://127.0.0.1:3000/ru,1,,3,2,,2019-07-13 15:51:50,2019-07-13 15:52:47
40,aaa,aaaa@ggg.qq,http://127.0.0.1:3000/ru,0,,3,2,,2019-07-13 16:00:02,2019-07-13 16:00:30
41,cccc,cccc@ccc.cc,http://127.0.0.1:3000/ru,1,,3,2,,2019-07-13 16:04:03,2019-07-13 16:04:19
42,rrr,rrr@rrr.yy,http://127.0.0.1:3000/ru,0,,3,2,,2019-07-14 13:39:13,2019-07-14 13:39:28
43,uuuu,uuuu@ggg.gg,http://127.0.0.1:3000/,1,,3,1,,2019-07-14 14:11:16,2019-07-14 14:11:25
44,ccccc,ccccc@fff.ggg,http://127.0.0.1:3000/ru,1,,3,2,,2019-07-14 15:34:43,2019-07-14 15:34:55
45,eeeee,eeee@bbbb.gg,http://127.0.0.1:3000/ru,1,,3,2,,2019-07-14 18:56:22,2019-07-14 18:56:57
46,rrrr,rrrr@hh.gg,http://127.0.0.1:3000/ru,1,,3,2,,2019-07-14 19:31:17,2019-07-14 19:31:28
47,yyyy,yyyy@jjj.lll,http://127.0.0.1:3000/ru,1,,3,2,,2019-07-14 19:32:14,2019-07-14 19:44:47
48,ssss,ssss@fff.uu,http://127.0.0.1:3000/ru,0,,3,2,,2019-07-14 19:49:58,2019-07-14 19:50:19
49,dddd,dddd@ddd.gg,http://127.0.0.1:3000/ru,1,,3,2,,2019-07-14 19:54:52,2019-07-14 19:58:43
50,cccc,ccc@fff.ff,http://127.0.0.1:3000/ru,1,,3,2,,2019-07-14 19:59:13,2019-07-14 19:59:46
51,gggg,ggg@hhh.ll,https://www.freecodecamp.org/news/how-to-build-a-spa-using-vue-js-vuex-vuetify-and-firebase-adding-authentication-with-firebase-d9932d1e4365/,1,,3,2,,2019-07-14 22:53:54,2019-07-14 22:55:00
52,tttt,tttt@eee.kk,http://localhost:3000/ru,1,,3,2,,2019-07-16 15:47:24,2019-07-16 15:48:54
53,ooooo,ooo@rrr.lll,http://localhost:3000/ua,0,,3,4,,2019-07-16 15:50:30,2019-07-16 15:51:07
54,rrrrrr,ttt@yy.jjj,http://127.0.0.1:3000/ru,0,,1,2,,2019-07-16 18:19:49,2019-07-24 18:33:10
55,Sergiy,vegas1@rambler.ru,https://drive.google.com/open?id=106er3IlND_TCiG-y3CmHsCTFGmYnr0EJ,1,,3,2,,2019-07-26 22:11:39,2019-07-26 22:14:16
